section,id,category,group,name,shelf_life,target_quantity,weekday_target,weekend_target,target_description,tray_divisor
Shelf Life,"",Bagel,"",Farm Boy Bagels (7 pk),7 days,"","","","",""
Shelf Life,"",Bread Wall,"",Farm Boy Homestyle Garlic Bread,5 days,"","","","",""
Shelf Life,"",Bread Wall,"",Farm Boy Simply Five Focaccia & Breads,5 days,"","","","",""
Shelf Life,"",Cookie,"",Farm Boy Crispy Cookies 12’s,21 days,"","","","",""
Shelf Life,"",Cookie,"",Farm Boy Vegan Crispy Cookies,10 days,"","","","",""
Shelf Life,"",Dietary,"",Allergy Smart Brownie Cakes & Brownies,14 days,"","","","",""
Shelf Life,"",Dietary,"",Farm Boy Vegan Cupcakes / Muffins,7 days,"","","","",""
Shelf Life,"",Dietary,"",Queen St. Bakery Breads / Buns / Muffins,12 days,"","","","",""
Shelf Life,"",Dietary,"","School Safe Bars, Cakes, Loaves",21 days,"","","","",""
Shelf Life,"",Dietary,"",Strawberry Blonde Cakes (floor),7 days,"","","","",""
Shelf Life,"",Dietary,"",Strawberry Blonde Cookies (floor),7 days,"","","","",""
Shelf Life,"",Frozen,"",Chudleigh’s Frozen “No Date”,Frozen,"","","","",""
Shelf Life,"",Muffin,"",Cravingly Good Mini Muffins,10 days,"","","","",""
Shelf Life,"",Muffin,"",Jumbo Muffins (4 pk),10 days,"","","","",""
Shelf Life,"",Muffin,"",Mini Muffins,10 days,"","","","",""
Shelf Life,"",Cakes,"",Angel & Mini Angel Cakes,10 days,"","","","",""
Shelf Life,"",Pie,"","8"" No Sugar Added",6 days,"","","","",""
Shelf Life,"",Pie,"",Bakerberry’s Pie Ontario Apple,5 days,"","","","",""
Shelf Life,"",Pie,"","Farm Boy 8"" Pie (Small)",6 days,"","","","",""
Shelf Life,"",PL Thaw and Serve,"",Farm Boy Swiss Rolls,21 days,"","","","",""
Shelf Life,"",PL Thaw and Serve,"",Farm Boy Butter Tarts,14 days,"","","","",""
Shelf Life,"",PL Thaw and Serve,"",Farm Boy Coffee Cakes,10 days,"","","","",""
Shelf Life,"",PL Thaw and Serve,"",Farm Boy Donuts,7 days,"","","","",""
Shelf Life,"",PL Thaw and Serve,"",Farm Boy Florentine Cookies,21 days,"","","","",""
Shelf Life,"",Promise,"","Promise Gluten Free Pitas, Loaves, Tortillas",19 days,"","","","",""
Shelf Life,"",Promise,"",Promise Gluten Free Baguettes 180 g (2 × 90 g),16 days,"","","","",""
Shelf Life,"",Promise,"",Promise Gluten Free (all other products),19 days,"","","","",""
Shelf Life,"",Sweets,"",Farm Boy Plant-Based Strudels (6 pk),5 days,"","","","",""
Shelf Life,"",Sweets,"",Farm Boy Scones (4 pk),4 days,"","","","",""
Shelf Life,"",Sweets,"",Sticky Toffee,5 days,"","","","",""
Shelf Life,"",Pie,"","Farm Boy 9"" Pie (Big)",7 days,"","","","",""
Shelf Life,"",Pie,"",Lemon Meringue,7 days,"","","","",""
Shelf Life,"",Dietary,"",Gluten Free Tarts,14 days,"","","","",""
Shelf Life,"",Cakes,"",Loaf Cakes,14 days,"","","","",""
Shelf Life,"",Dietary,"",Tortillas,61 days,"","","","",""
Shelf Life,"",Cakes,"",Cakes,5 days,"","","","",""
Shelf Life,"",Cakes,"",Top Shelf,7 days,"","","","",""
Shelf Life,"",Cakes,"",Bar Cake,10 days,"","","","",""
Shelf Life,"",Cakes,"",Slab Cake,10 days,"","","","",""
Buns,portuguese-buns,"","",Portuguese Buns,"",10,"","",1 box (10 in a box),""
Buns,rustic-italian,"","",Rustic Italian,"",12,"","",1 box (12 in a box),""
Buns,portuguese-sweet,"","",Portuguese Sweet,"",15,"","",1 box (15 in a box),""
Buns,croissant-bun,"","",Croissant Bun,"",5,"","","",""
Buns,pretzel-bun,"","",Pretzel Bun,"",4,"","","",""
Buns,pretzel-twists,"","",Pretzel Twists,"",5,"","","",""
Buns,cheese-bun,"","",Cheese Bun,"",4,"","","",""
Buns,cheese-sticks,"","",Cheese Sticks,"",10,"","","",""
Buns,everything-bagels,"","",Everything Bagels,"",8,"","","",""
Buns,plain-bagels,"","",Plain Bagels,"",6,"","","",""
Buns,sesame-bagels,"","",Sesame Bagels,"",6,"","","",""
Buns,cheese-bagels,"","",Cheese Bagels,"",4,"","","",""
Buns,jalapeno-bagels,"","",Jalapeno Bagels,"",4,"","","",""
Buns,cinnamon-bagels,"","",Cinnamon Bagels,"",4,"","","",""
Thaw,thaw-asiago-bagels,"",Bagels,Asiago,"","",12,12,1 box (12),""
Thaw,thaw-everything-bagels,"",Bagels,Everything,"","",12,12,1 box (12),""
Thaw,thaw-plain-bagels,"",Bagels,Plain,"","",8,8,"",""
Thaw,thaw-sesame-bagels,"",Bagels,Sesame,"","",8,8,"",""
Thaw,thaw-multigrain-bagels,"",Bagels,Multigrain,"","",6,6,"",""
Thaw,thaw-whole-wheat-bagels,"",Bagels,Whole Wheat,"","",6,6,"",""
Thaw,thaw-cinnamon-bagels,"",Bagels,Cinnamon,"","",4,4,"",""
Thaw,golden-buns,"",New Buns,Golden,"","",3,3,"",""
Thaw,sourdough-buns,"",New Buns,Sourdough,"","",3,3,"",""
Thaw,brioche-buns,"",New Buns,Brioche,"","",3,3,"",""
Thaw,milk-rolls,"",Dinner Rolls,Milk,"","",4,5,"",""
Thaw,potato-rolls,"",Dinner Rolls,Potato,"","",4,5,"",""
Thaw,hamburger,"",Hamburger & Hotdog,Hamburger,"","",6,8,"",""
Thaw,hotdog,"",Hamburger & Hotdog,Hotdog,"","",6,8,"",""
Thaw,buttery-sourdough-pan,"",Pan Loaf,Buttery Sourdough,"","",1,2,"",""
Thaw,multigrain-pan,"",Pan Loaf,Multigrain,"","",1,2,"",""
Thaw,marble-half,"",Half Loaf,Marble,"","",3,3,"",""
Thaw,sourdough-half,"",Half Loaf,Sourdough,"","",4,4,"",""
Thaw,tuscan-half,"",Half Loaf,Tuscan,"","",4,4,"",""
Thaw,multigrain-half,"",Half Loaf,Multigrain,"","",6,6,"",""
Thaw,chocolate-mini-muffins,"",Mini Muffins,Chocolate,"","",8,10,"",""
Thaw,blueberry-mini-muffins,"",Mini Muffins,Blueberry,"","",4,5,"",""
Thaw,chocolate-jumbo,"",Jumbo Muffins,Chocolate,"","",6,6,"",""
Thaw,cranberry-jumbo,"",Jumbo Muffins,Cranberry,"","",2,2,"",""
Thaw,mixed-berry-jumbo,"",Jumbo Muffins,Mixed Berry,"","",4,4,"",""
Thaw,double-berry-jumbo,"",Jumbo Muffins,Double Berry,"","",2,2,"",""
Thaw,apple-jumbo,"",Jumbo Muffins,Apple,"","",4,4,"",""
Thaw,mini-butter-tarts,"",Butter Tarts,Mini,"","",6,8,"",""
Thaw,classic-butter-tarts,"",Butter Tarts,Classic,"","",3,4,"",""
Thaw,pecan-butter-tarts,"",Butter Tarts,Pecan,"","",3,4,"",""
Thaw,raisin-butter-tarts,"",Butter Tarts,Raisin,"","",3,4,"",""
Thaw,maple-butter-tarts,"",Butter Tarts,Maple,"","",3,4,"",""
Thaw,chocolate-swiss,"",Swiss Rolls,Chocolate,"","",4,6,"",""
Thaw,strawberry-swiss,"",Swiss Rolls,Strawberry,"","",4,6,"",""
Thaw,black-forest-swiss,"",Swiss Rolls,Black Forest,"","",4,6,"",""
Thaw,maple-swiss,"",Swiss Rolls,Maple,"","",4,6,"",""
Thaw,garlic-simply-five,"",Simply Five,Garlic,"","",1,2,"",""
Thaw,mozzarella-simply-five,"",Simply Five,Mozzarella,"","",1,2,"",""
Thaw,basil-simply-five,"",Simply Five,Basil,"","",1,2,"",""
Thaw,white-simply-five,"",Simply Five,White,"","",2,2,"",""
Thaw,whole-wheat-simply-five,"",Simply Five,Whole Wheat,"","",2,2,"",""
Thaw,everything-simply-five,"",Simply Five,Everything,"","",2,2,"",""
Thaw,cinnamon-rolls,"",Cinnamon,Rolls,"","",12,12,Order in trays of 4,4
Thaw,cinnamon-twists,"",Cinnamon,Twists,"","",12,12,Order in trays of 3,3
Thaw,coconut-florentine,"",Florentine,Coconut,"","",10,10,"",""
Thaw,hazelnut-florentine,"",Florentine,Hazelnut,"","",10,10,"",""
Skids,sweets-mini-strudel-apple,Sweets,"",Mini Strudel - Apple,"","","","","",""
Skids,sweets-mini-strudel-raspberry,Sweets,"",Mini Strudel - Raspberry,"","","","","",""
Skids,sweets-fruit-stick-apple,Sweets,"",Fruit Stick - Apple,"","","","","",""
Skids,sweets-fruit-stick-raspberry,Sweets,"",Fruit Stick - Raspberry,"","","","","",""
Skids,sweets-apple-turnover,Sweets,"",Apple Turnover,"","","","","",""
Skids,sweets-palm-leaf,Sweets,"",Palm Leaf,"","","","","",""
Skids,sweets-maple-pecan,Sweets,"",Maple Pecan,"","","","","",""
Skids,sweets-plant-based-strudel-apple,Sweets,"",Plant Based Strudel - Apple,"","","","","",""
Skids,sweets-plant-based-strudel-cherry,Sweets,"",Plant Based Strudel - Cherry,"","","","","",""
Skids,sweets-custard-tarts-regular,Sweets,"",Custard Tarts - Regular,"","","","","",""
Skids,sweets-custard-tarts-hazelnut,Sweets,"",Custard Tarts - Hazelnut,"","","","","",""
Skids,sweets-scone-cheddar,Sweets,"",Scone - Cheddar,"","","","","",""
Skids,sweets-scone-cranberry,Sweets,"",Scone - Cranberry,"","","","","",""
Skids,sweets-scone-raisin,Sweets,"",Scone - Raisin,"","","","","",""
Skids,sweets-scone-blueberry,Sweets,"",Scone - Blueberry,"","","","","",""
Skids,croissants-all-butter,Croissants,"",All Butter Croissant,"","","","","",""
Skids,croissants-breakfast,Croissants,"",Breakfast Croissant,"","","","","",""
Skids,croissants-chocolate,Croissants,"",Chocolate Croissant,"","","","","",""
Skids,croissants-mini-breakfast,Croissants,"",Mini Breakfast Croissant,"","","","","",""
Skids,croissants-mini-cheese,Croissants,"",Mini Cheese Croissant,"","","","","",""
Skids,croissants-mini-chocolate,Croissants,"",Mini Chocolate Croissant,"","","","","",""
Skids,croissants-pain-au-chocolat,Croissants,"",Pain au Chocolat,"","","","","",""
Skids,croissants-plant-based,Croissants,"",Plant Based Croissant,"","","","","",""
Skids,thaw-bagels-asiago,Thaw and Serve,"",7 Bagels - Asiago,"","","","","",""
Skids,thaw-bagels-everything,Thaw and Serve,"",7 Bagels - Everything,"","","","","",""
Skids,thaw-bagels-plain,Thaw and Serve,"",7 Bagels - Plain,"","","","","",""
Skids,thaw-bagels-sesame,Thaw and Serve,"",7 Bagels - Sesame,"","","","","",""
Skids,thaw-bagels-multigrain,Thaw and Serve,"",7 Bagels - Multigrain,"","","","","",""
Skids,thaw-bagels-whole-wheat,Thaw and Serve,"",7 Bagels - Whole Wheat,"","","","","",""
Skids,thaw-bagels-cinnamon,Thaw and Serve,"",7 Bagels - Cinnamon,"","","","","",""
Skids,thaw-new-buns-golden,Thaw and Serve,"",New Buns - Golden,"","","","","",""
Skids,thaw-new-buns-sourdough,Thaw and Serve,"",New Buns - Sourdough,"","","","","",""
Skids,thaw-new-buns-brioche,Thaw and Serve,"",New Buns - Brioche,"","","","","",""
Skids,thaw-dinner-rolls-milk,Thaw and Serve,"",Dinner Rolls - Milk,"","","","","",""
Skids,thaw-dinner-rolls-potato,Thaw and Serve,"",Dinner Rolls - Potato,"","","","","",""
Skids,thaw-hamburger,Thaw and Serve,"",Hamburger,"","","","","",""
Skids,thaw-hotdog,Thaw and Serve,"",Hotdog,"","","","","",""
Skids,thaw-pan-loaf-buttery-sourdough,Thaw and Serve,"",Pan Loaf - Buttery Sourdough,"","","","","",""
Skids,thaw-pan-loaf-multigrain,Thaw and Serve,"",Pan Loaf - Multigrain,"","","","","",""
Skids,thaw-half-loaf-marble,Thaw and Serve,"",Half Loaf - Marble,"","","","","",""
Skids,thaw-half-loaf-sourdough,Thaw and Serve,"",Half Loaf - Sourdough,"","","","","",""
Skids,thaw-half-loaf-tuscan,Thaw and Serve,"",Half Loaf - Tuscan,"","","","","",""
Skids,thaw-half-loaf-multigrain,Thaw and Serve,"",Half Loaf - Multigrain,"","","","","",""
Skids,thaw-mini-muffins-chocolate,Thaw and Serve,"",Mini Muffins - Chocolate,"","","","","",""
Skids,thaw-mini-muffins-blueberry,Thaw and Serve,"",Mini Muffins - Blueberry,"","","","","",""
Skids,thaw-jumbo-muffins-chocolate,Thaw and Serve,"",Jumbo Muffins - Chocolate,"","","","","",""
Skids,thaw-jumbo-muffins-cranberry,Thaw and Serve,"",Jumbo Muffins - Cranberry,"","","","","",""
Skids,thaw-jumbo-muffins-mixed-berry,Thaw and Serve,"",Jumbo Muffins - Mixed Berry,"","","","","",""
Skids,thaw-jumbo-muffins-double-berry,Thaw and Serve,"",Jumbo Muffins - Double Berry,"","","","","",""
Skids,thaw-jumbo-muffins-apple,Thaw and Serve,"",Jumbo Muffins - Apple,"","","","","",""
Skids,thaw-butter-tarts-mini,Thaw and Serve,"",Butter Tarts - Mini,"","","","","",""
Skids,thaw-butter-tarts-classic,Thaw and Serve,"",Butter Tarts - Classic,"","","","","",""
Skids,thaw-butter-tarts-pecan,Thaw and Serve,"",Butter Tarts - Pecan,"","","","","",""
Skids,thaw-butter-tarts-raisin,Thaw and Serve,"",Butter Tarts - Raisin,"","","","","",""
Skids,thaw-butter-tarts-maple,Thaw and Serve,"",Butter Tarts - Maple,"","","","","",""
Skids,thaw-swiss-rolls-chocolate,Thaw and Serve,"",Swiss Rolls - Chocolate,"","","","","",""
Skids,thaw-swiss-rolls-strawberry,Thaw and Serve,"",Swiss Rolls - Strawberry,"","","","","",""
Skids,thaw-swiss-rolls-black-forest,Thaw and Serve,"",Swiss Rolls - Black Forest,"","","","","",""
Skids,thaw-swiss-rolls-maple,Thaw and Serve,"",Swiss Rolls - Maple,"","","","","",""
Skids,thaw-simply-five-garlic,Thaw and Serve,"",Simply Five - Garlic,"","","","","",""
Skids,thaw-simply-five-mozzarella,Thaw and Serve,"",Simply Five - Mozzarella,"","","","","",""
Skids,thaw-simply-five-basil,Thaw and Serve,"",Simply Five - Basil,"","","","","",""
Skids,thaw-simply-five-white,Thaw and Serve,"",Simply Five - White,"","","","","",""
Skids,thaw-simply-five-whole-wheat,Thaw and Serve,"",Simply Five - Whole Wheat,"","","","","",""
Skids,thaw-simply-five-everything,Thaw and Serve,"",Simply Five - Everything,"","","","","",""
Skids,thaw-cinnamon-rolls,Thaw and Serve,"",Cinnamon Rolls,"","","","","",""
Skids,thaw-cinnamon-twist,Thaw and Serve,"",Cinnamon Twist,"","","","","",""
Skids,thaw-florentine-coconut,Thaw and Serve,"",Florentine - Coconut,"","","","","",""
Skids,thaw-florentine-hazelnut,Thaw and Serve,"",Florentine - Hazelnut,"","","","","",""
Skids,upstairs-garlic-bread,Upstairs Thaw and Serve,"",Garlic Bread,"","","","","",""
Skids,upstairs-gluten-free-tarts,Upstairs Thaw and Serve,"",Gluten Free Tarts,"","","","","",""
Skids,upstairs-vegan-cupcakes-lemon,Upstairs Thaw and Serve,"",Vegan Cupcakes - Lemon,"","","","","",""
Skids,upstairs-vegan-cupcakes-carrot,Upstairs Thaw and Serve,"",Vegan Cupcakes - Carrot,"","","","","",""
Skids,upstairs-vegan-cupcakes-berry,Upstairs Thaw and Serve,"",Vegan Cupcakes - Berry,"","","","","",""
Skids,upstairs-vegan-cupcakes-chocolate,Upstairs Thaw and Serve,"",Vegan Cupcakes - Chocolate,"","","","","",""
Skids,upstairs-vegan-muffins-cranberry,Upstairs Thaw and Serve,"",Vegan Muffins - Cranberry,"","","","","",""
Skids,upstairs-vegan-muffins-blueberry,Upstairs Thaw and Serve,"",Vegan Muffins - Blueberry,"","","","","",""
Skids,upstairs-vegan-muffins-double-chocolate,Upstairs Thaw and Serve,"",Vegan Muffins - Double Chocolate,"","","","","",""
Skids,upstairs-vegan-muffins-chocolate-chip,Upstairs Thaw and Serve,"",Vegan Muffins - Chocolate Chip,"","","","","",""
Skids,upstairs-mini-donuts-red-berry,Upstairs Thaw and Serve,"",Mini Donuts - Red Berry,"","","","","",""
Skids,upstairs-mini-donuts-chocolate-hazelnut,Upstairs Thaw and Serve,"",Mini Donuts - Chocolate Hazelnut,"","","","","",""
Skids,upstairs-fb-donuts-cinnamon,Upstairs Thaw and Serve,"",FB Donuts - Cinnamon,"","","","","",""
Skids,upstairs-fb-donuts-caramel,Upstairs Thaw and Serve,"",FB Donuts - Caramel,"","","","","",""
Skids,upstairs-fb-donuts-celebration,Upstairs Thaw and Serve,"",FB Donuts - Celebration,"","","","","",""
Skids,upstairs-coffee-cake-cinnamon,Upstairs Thaw and Serve,"",Coffee Cake - Cinnamon,"","","","","",""
Skids,upstairs-coffee-cake-wild-berry,Upstairs Thaw and Serve,"",Coffee Cake - Wild Berry,"","","","","",""
Skids,upstairs-coffee-cake-chocolate,Upstairs Thaw and Serve,"",Coffee Cake - Chocolate,"","","","","",""
Skids,buns-portuguese-buns,Buns,"",Portuguese Buns,"","","","","",""
Skids,buns-rustic-italian,Buns,"",Rustic Italian,"","","","","",""
Skids,buns-portuguese-sweet,Buns,"",Portuguese Sweet,"","","","","",""
Skids,buns-croissant-bun,Buns,"",Croissant Bun,"","","","","",""
Skids,buns-pretzel-buns,Buns,"",Pretzel Buns,"","","","","",""
Skids,buns-pretzel-twist,Buns,"",Pretzel Twist,"","","","","",""
Skids,buns-cheese-bun,Buns,"",Cheese Bun,"","","","","",""
Skids,buns-cheese-stick,Buns,"",Cheese Stick,"","","","","",""
Skids,buns-bagels-everything,Buns,"",6 Bagels - Everything,"","","","","",""
Skids,buns-bagels-plain,Buns,"",6 Bagels - Plain,"","","","","",""
Skids,buns-bagels-sesame,Buns,"",6 Bagels - Sesame,"","","","","",""
Skids,buns-bagels-cheese,Buns,"",6 Bagels - Cheese,"","","","","",""
Skids,buns-bagels-jalapeno,Buns,"",6 Bagels - Jalapeno,"","","","","",""
Skids,buns-bagels-cinnamon,Buns,"",6 Bagels - Cinnamon,"","","","","",""
Skids,pies-8-apple,Pies,"","8"" Pie - Apple","","","","","",""
Skids,pies-8-strawberry-rhubarb,Pies,"","8"" Pie - Strawberry Rhubarb","","","","","",""
Skids,pies-8-saskatoon-berry,Pies,"","8"" Pie - Saskatoon Berry","","","","","",""
Skids,pies-8-cherry,Pies,"","8"" Pie - Cherry","","","","","",""
Skids,pies-8-blueberry,Pies,"","8"" Pie - Blueberry","","","","","",""
Skids,pies-8-pumpkin,Pies,"","8"" Pie - Pumpkin","","","","","",""
Skids,pies-8-pecan,Pies,"","8"" Pie - Pecan","","","","","",""
Skids,pies-8-lemon-crunch,Pies,"","8"" Pie - Lemon Crunch","","","","","",""
Skids,pies-8-lemon-meringue,Pies,"","8"" Pie - Lemon Meringue","","","","","",""
Skids,pies-8-no-sugar-apple,Pies,"","8"" Pie - No Sugar Apple","","","","","",""
Skids,pies-8-no-sugar-blueberry,Pies,"","8"" Pie - No Sugar Blueberry","","","","","",""
Skids,pies-9-apple,Pies,"","9"" Pie - Apple","","","","","",""
Skids,pies-9-cherry,Pies,"","9"" Pie - Cherry","","","","","",""
Skids,pies-9-peach,Pies,"","9"" Pie - Peach","","","","","",""
Skids,cake-mousse-raspberry,Cake,"",Mousse Cake - Raspberry,"","","","","",""
Skids,cake-mousse-hazelnut,Cake,"",Mousse Cake - Hazelnut,"","","","","",""
Skids,cake-mousse-chocolate,Cake,"",Mousse Cake - Chocolate,"","","","","",""
Skids,cake-mini-tiramisu,Cake,"",Mini Cake - Tiramisu,"","","","","",""
Skids,cake-mini-apple,Cake,"",Mini Cake - Apple,"","","","","",""
Skids,cake-mini-raspberry,Cake,"",Mini Cake - Raspberry,"","","","","",""
Skids,cake-mini-chocolate,Cake,"",Mini Cake - Chocolate,"","","","","",""
Skids,cake-butter-tarts-chocolate,Cake,"",Butter Tarts - Chocolate,"","","","","",""
Skids,cake-butter-tarts-pecan,Cake,"",Butter Tarts - Pecan,"","","","","",""
Skids,cake-butter-tarts-classic,Cake,"",Butter Tarts - Classic,"","","","","",""
Skids,cake-mini-cheesecake-pecan,Cake,"",Mini Cheesecake - Pecan,"","","","","",""
Skids,cake-mini-cheesecake-lemon,Cake,"",Mini Cheesecake - Lemon,"","","","","",""
Skids,cake-6-lemon,Cake,"","6"" Cake - Lemon","","","","","",""
Skids,cake-6-red-velvet,Cake,"","6"" Cake - Red Velvet","","","","","",""
Skids,cake-6-brownie-chocolate-cheesecake,Cake,"","6"" Cake - Brownie Chocolate Cheesecake","","","","","",""
Skids,cake-6-strawberry-dream,Cake,"","6"" Cake - Strawberry Dream","","","","","",""
Skids,cake-6-chocolate-truffle,Cake,"","6"" Cake - Chocolate Truffle","","","","","",""
Skids,cake-6-chocolate-fudge,Cake,"","6"" Cake - Chocolate Fudge","","","","","",""
Skids,cake-8-chocolate-truffle-trio,Cake,"","8"" Cake - Chocolate Truffle Trio","","","","","",""
Skids,cake-8-mocha-almond-fudge,Cake,"","8"" Cake - Mocha Almond Fudge","","","","","",""
Skids,cake-8-tiramisu,Cake,"","8"" Cake - Tiramisu","","","","","",""
Skids,cake-8-red-velvet,Cake,"","8"" Cake - Red Velvet","","","","","",""
Skids,cake-8-black-forest,Cake,"","8"" Cake - Black Forest","","","","","",""
Skids,cake-8-le-rocher,Cake,"","8"" Cake - Le Rocher","","","","","",""
Skids,cake-8-caramel-butter-pecan,Cake,"","8"" Cake - Caramel Butter Pecan","","","","","",""
Skids,cake-8-chocolate-birthday,Cake,"","8"" Cake - Chocolate Birthday","","","","","",""
Skids,cake-8-vanilla-birthday,Cake,"","8"" Cake - Vanilla Birthday","","","","","",""
Skids,cake-8-key-lime,Cake,"","8"" Cake - Key Lime","","","","","",""
Skids,cake-bar-strawberry,Cake,"",Bar Cake - Strawberry,"","","","","",""
Skids,cake-bar-carrot,Cake,"",Bar Cake - Carrot,"","","","","",""
Skids,cake-bar-tiramisu,Cake,"",Bar Cake - Tiramisu,"","","","","",""
Skids,cake-bar-smores,Cake,"",Bar Cake - S'mores,"","","","","",""
Skids,cake-bar-tuxedo,Cake,"",Bar Cake - Tuxedo,"","","","","",""
Skids,macarons-vanilla,Macarons,"",Vanilla Macaron,"","","","","",""
Skids,macarons-caramel,Macarons,"",Caramel Macaron,"","","","","",""
Skids,macarons-bubblegum,Macarons,"",Bubblegum Macaron,"","","","","",""
Skids,macarons-lemon,Macarons,"",Lemon Macaron,"","","","","",""
Skids,macarons-chocolate,Macarons,"",Chocolate Macaron,"","","","","",""
Skids,macarons-strawberry,Macarons,"",Strawberry Macaron,"","","","","",""
Skids,macarons-tiramisu,Macarons,"",Tiramisu Macaron,"","","","","",""
Skids,macarons-red-velvet,Macarons,"",Red Velvet Macaron,"","","","","",""
Skids,macarons-birthday-cake,Macarons,"",Birthday Cake Macaron,"","","","","",""
Skids,macarons-pistachio,Macarons,"",Pistachio Macaron,"","","","","",""
Skids,macarons-candy-cane,Macarons,"",Candy Cane Macaron,"","","","","",""
Skids,cookies-chocolate-chunk,Cookies,"",Chocolate Chunk Cookie,"","","","","",""
Skids,cookies-caramel-chocolate-chunk,Cookies,"",Caramel Chocolate Chunk Cookie,"","","","","",""
Skids,cookies-oatmeal-chocolate,Cookies,"",Oatmeal Chocolate Cookie,"","","","","",""
Skids,cookies-white-macadamia,Cookies,"",White Macadamia Cookie,"","","","","",""
Skids,cookies-peanut-butter,Cookies,"",Peanut Butter Cookie,"","","","","",""
Skids,cookies-ginger-molasses,Cookies,"",Ginger Molasses Cookie,"","","","","",""
Skids,cookies-monster,Cookies,"",Monster Cookie,"","","","","",""
Skids,cookies-plant-based-chocolate-chip,Cookies,"",Plant Based Chocolate Chip Cookie,"","","","","",""
Skids,cookies-plant-based-oatmeal-raisin,Cookies,"",Plant Based Oatmeal Raisin Cookie,"","","","","",""
Skids,bread-art-is-in-frank,Bread,"",Art-is-in - Frank,"","","","","",""
Skids,bread-art-is-in-whole-wheat-sourdough,Bread,"",Art-is-in - Whole Wheat Sourdough,"","","","","",""
Skids,bread-dynamic-kalamata-olive,Bread,"",Dynamic - Kalamata Olive,"","","","","",""
Skids,bread-dynamic-cheddar-cheese,Bread,"",Dynamic - Cheddar Cheese,"","","","","",""
Skids,bread-dynamic-rosemary,Bread,"",Dynamic - Rosemary,"","","","","",""
Skids,bread-three-cheese-loaf,Bread,"",Three Cheese Loaf,"","","","","",""
Skids,bread-baguette,Bread,"",Baguette,"","","","","",""
Skids,bread-sourdough-baguette,Bread,"",Sourdough Baguette,"","","","","",""
Skids,bread-belgian,Bread,"",Belgian,"","","","","",""
Skids,bread-country-round,Bread,"",Country Round,"","","","","",""
Skids,bread-cranberry-pumpkin-seed,Bread,"",Cranberry Pumpkin Seed,"","","","","",""
Skids,bread-multigrain-belgian,Bread,"",Multigrain Belgian,"","","","","",""
Skids,bread-organic-sourdough-boule,Bread,"",Organic Sourdough Boule,"","","","","",""
Skids,bread-organic-sprout,Bread,"",Organic Sprout,"","","","","",""
Skids,bread-pane-di-como-italian-loaf,Bread,"",Pane di Como Italian Loaf,"","","","","",""
Skids,bread-parisian,Bread,"",Parisian,"","","","","",""
Skids,bread-pumpernickel,Bread,"",Pumpernickel,"","","","","",""
Skids,bread-rosemary-olive-oil,Bread,"",Rosemary Olive Oil,"","","","","",""
Skids,bread-sourdough-batard,Bread,"",Sourdough Batard,"","","","","",""
Skids,bread-multigrain-sourdough-batard,Bread,"",Multigrain Sourdough Batard,"","","","","",""
Skids,bread-mini-sourdough,Bread,"",Mini Sourdough,"","","","","",""
Skids,bread-organic-white,Bread,"",Organic White,"","","","","",""
Skids,bread-calabrese-long,Bread,"",Calabrese Long,"","","","","",""
Skids,bread-calabrese-round,Bread,"",Calabrese Round,"","","","","",""
